{"r3": 3.4756329367474006, "a": 3.1756329367474008, "h2": 0.4, "R": 100, "b0": 1.8125791170934242, "b1": 1.4125791170934243, "b2": -0.5874208829065757, "oi": 0.5235987755982988, "of": 0.7853981633974483, "ofp": 0.42468215326623104, "i1": 0.41853633631230847, "i2": -0.16982634721878603, "i3": 0.518654999917792, "i4": -0.15918716271393316, "l4": 4.142176278951997, "r1": 6.951265873494802, "ii1": 0.2092681681561542, "ii2": -0.084913173609393, "ii4": -0.07959358135696656, "ki": 0.5150314745372674, "kii": 0.25751573726863364, "z": [0, 0.004, 0.008, 0.012, 0.016, 0.02, 0.024, 0.028, 0.032, 0.036000000000000004, 0.04000000000000001, 0.04400000000000001, 0.048000000000000015, 0.05200000000000002, 0.05600000000000002, 0.060000000000000026, 0.06400000000000003, 0.06800000000000003, 0.07200000000000004, 0.07600000000000004, 0.08000000000000004, 0.08400000000000005, 0.08800000000000005, 0.09200000000000005, 0.09600000000000006, 0.10000000000000006, 0.10400000000000006, 0.10800000000000007, 0.11200000000000007, 0.11600000000000008, 0.12000000000000008, 0.12400000000000008, 0.12800000000000009, 0.1320000000000001, 0.1360000000000001, 0.1400000000000001, 0.1440000000000001, 0.1480000000000001, 0.1520000000000001, 0.1560000000000001, 0.16000000000000011, 0.16400000000000012, 0.16800000000000012, 0.17200000000000013, 0.17600000000000013, 0.18000000000000013, 0.18400000000000014, 0.18800000000000014, 0.19200000000000014, 0.19600000000000015, 0.20000000000000015, 0.20400000000000015, 0.20800000000000016, 0.21200000000000016, 0.21600000000000016, 0.22000000000000017, 0.22400000000000017, 0.22800000000000017, 0.23200000000000018, 0.23600000000000018, 0.24000000000000019, 0.2440000000000002, 0.2480000000000002, 0.25200000000000017, 0.25600000000000017, 0.2600000000000002, 0.2640000000000002, 0.2680000000000002, 0.2720000000000002, 0.2760000000000002, 0.2800000000000002, 0.2840000000000002, 0.2880000000000002, 0.2920000000000002, 0.2960000000000002, 0.3000000000000002, 0.3040000000000002, 0.3080000000000002, 0.3120000000000002, 0.3160000000000002, 0.32000000000000023, 0.32400000000000023, 0.32800000000000024, 0.33200000000000024, 0.33600000000000024, 0.34000000000000025, 0.34400000000000025, 0.34800000000000025, 0.35200000000000026, 0.35600000000000026, 0.36000000000000026, 0.36400000000000027, 0.36800000000000027, 0.3720000000000003, 0.3760000000000003, 0.3800000000000003, 0.3840000000000003, 0.3880000000000003, 0.3920000000000003, 0.3960000000000003], "ii_if": [[-0.16982634721878603, 0.41853633631230847], [-0.1697124962520469, 0.41958737627996434], [-0.16959879984903806, 0.42063743162050216], [-0.16948526437974187, 0.4216865014045297], [-0.169371890233579, 0.42273458471307557], [-0.1692586778649339, 0.42378168063756494], [-0.16914562559403598, 0.4248277882797948], [-0.16903273319127846, 0.42587290675190853], [-0.16891999991094905, 0.4269170351763718], [-0.16880742045143557, 0.4279601726859466], [-0.16869500890793457, 0.42900231842366626], [-0.16858275275984405, 0.43004347154281], [-0.16847065968322067, 0.43108363120687704], [-0.1683587149798707, 0.43212279658956115], [-0.1682469382493419, 0.43316096687472444], [-0.16813531379716226, 0.4341981412563714], [-0.16802384609431736, 0.4352343189386229], [-0.16791252888113703, 0.43626949913568946], [-0.16780137998475816, 0.4373036810718451], [-0.16769037940159592, 0.4383368639814005], [-0.1675795372074358, 0.4393690471086763], [-0.1674688426243032, 0.44040022970797654], [-0.16735831082509414, 0.4414304110435612], [-0.16724793179692754, 0.44245959038961913], [-0.1671377067804848, 0.4434877670302412], [-0.16702763591495995, 0.4445149402593924], [-0.16691771818798762, 0.4455411093808847], [-0.1668079519237524, 0.44656627370834917], [-0.16669834579378523, 0.4475904325652085], [-0.16658888114890544, 0.44861358528464873], [-0.16647957406575903, 0.4496357312095919], [-0.16637041827081087, 0.4506568696926673], [-0.1662614166945984, 0.4516770000961836], [-0.1661525601113008, 0.45269612179210067], [-0.1660438596367456, 0.4537142341620008], [-0.1659353069239701, 0.4547313365970604], [-0.16582691136704888, 0.45574742849802136], [-0.16571865660778448, 0.4567625092751623], [-0.16561055733670382, 0.4577765783482698], [-0.16550259938736708, 0.4587896351466092], [-0.1653947985330268, 0.45980167910889586], [-0.1652871389875257, 0.460812709683266], [-0.16517963264683583, 0.4618227263272473], [-0.16507227274361636, 0.4628317285077297], [-0.1649650644086026, 0.46383971570093596], [-0.16485799937038026, 0.4648466873923923], [-0.16475108122615895, 0.4658526430768988], [-0.16464430351867446, 0.46685758225849927], [-0.16453767866588007, 0.4678615044504522], [-0.1644312048597289, 0.46886440917520045], [-0.16432487124540932, 0.4698662959643414], [-0.16421868176844404, 0.47086716435859716], [-0.16411263939869256, 0.47186701390778435], [-0.1640067361498818, 0.4728658441707839], [-0.16390098331394293, 0.4738636547155109], [-0.16379537215877385, 0.47486044511888426], [-0.16368990942622852, 0.4758562149667964], [-0.16358458620668276, 0.47685096385408277], [-0.16347940066226163, 0.47784469138449126], [-0.1633743636713328, 0.4788373971706518], [-0.1632694747748394, 0.47982908083404563], [-0.16316472242122468, 0.48081974200497446], [-0.16306010998360268, 0.48180938032253], [-0.16295563745280847, 0.4827979954345629], [-0.16285131567137323, 0.4837855869976519], [-0.1627471227186303, 0.4847721546770729], [-0.16264308341170078, 0.48575769814676806], [-0.16253917625228528, 0.4867422170893146], [-0.16243540694889988, 0.4877257111958937], [-0.16233178661760939, 0.48870818016625955], [-0.16222830148111506, 0.48968962370870783], [-0.16212494983757944, 0.49067004154004473], [-0.16202174705455785, 0.49164943338555533], [-0.16191867642874494, 0.4926277989789727], [-0.16181574717342062, 0.49360513806244594], [-0.16171295445467576, 0.49458145038650936], [-0.16161029736836982, 0.4955567357100505], [-0.1615077820029525, 0.49653099380027876], [-0.16140540130861702, 0.497504224432694], [-0.16130315826505626, 0.49847642739105474], [-0.1612010457630712, 0.49944760246734665], [-0.16109908034116713, 0.5004177494617509], [-0.16099724218584285, 0.5013868681826121], [-0.16089554632132186, 0.5023549584464074], [-0.1607939816498839, 0.5033220200777138], [-0.16069255265422308, 0.5042880529091767], [-0.1605912590131367, 0.5052530567814786], [-0.16049010032088454, 0.5062170315433063], [-0.16038907629573737, 0.5071799770513199], [-0.16028818680184587, 0.5081418931701205], [-0.1601874268104958, 0.509102779772218], [-0.16008680711020445, 0.5100626367379997], [-0.15998632069423754, 0.5110214639556984], [-0.15988596365752697, 0.5119792613213597], [-0.15978573964170573, 0.512936028738811], [-0.1596856476560577, 0.5138917661196282], [-0.1595856876556436, 0.5148464733831052], [-0.1594858574926428, 0.5158001504562209], [-0.15938616026875183, 0.5167527972736069], [-0.1592865984870101, 0.5177044137775166]],